start,end
14360,14885
47603,48027
48369,48907
158463,159148
160277,160801
175448,176483
178701,179541
229841,230446
240389,240914
243192,243669
247136,247646
248016,248540
249683,250120
250402,250899
251215,251679
254259,254716
258833,259250
259283,259700
260695,261085
261293,261992
262765,263255
264337,264814
266729,267226
270741,271191
272071,272522
280872,281430
284300,284790
287239,287823
288650,289201
294121,294631
297138,297777
300252,300742
302826,303256
303437,303948
308461,308932
310820,311264
311297,311721
311768,312097
312400,312736
312890,313374
313703,314248
315894,316432
314564,315599
322572,323042
326120,326543
331164,331568
334054,334525
340303,340733
344120,344557
347910,348361
351485,351888
353507,354079
356753,357210
357775,358178
358306,358709
362399,362977
368581,369064
371585,372149
373231,373715
381500,381889
382481,382978
384141,384558
385619,386170
387898,388381
388693,389129
389163,389586
389607,390030
390090,390473
390769,391327
391831,392322
392476,392893
393464,393935
406541,406904
408040,408423
408746,409277
409955,410372
413724,414208
439147,439571
465505,466036
471138,471542
474687,475137
475634,476185
485513,485788
486003,486413
488638,489048
491608,491877
492683,493127
497534,497904
501385,501761
505604,505987
506155,506485
507762,508104
509838,510302
512594,512970
516146,516610
559945,560395
577596,577892
578510,579014
583801,584150
587786,588270
588505,589204
591543,591967
594164,594514
596147,596530
599297,599741
602194,602745
604096,604680
606346,606776
609834,610271
611561,612079
613369,613772
617319,617817
618737,619214
619638,620095
621970,622373
627318,627755
631176,631633
636423,636820
637626,638177
643018,643535
646069,646560
647319,647917
649834,650386
653968,654451
657387,657938
661890,662293
662683,663227
668728,669232
674327,674629
678089,678452
681160,681617
683882,684386
685159,685905
689306,689742
690347,690757
698068,698498
704975,705338
706588,707079
707711,708161
726193,726502
732300,732724
733765,734175
735714,736198
741431,741935
743191,743608
750230,750499
760000,760336
760538,760833
768312,768843
773158,773668
828519,829379
834432,834976
836569,837106
843575,844065
844422,844885
845329,845867
838602,838978
838992,839509
846119,846656
849743,850234
852257,852734
855562,856113
861382,862108
867416,867805
869707,870245
870588,871401
871542,871918
874340,874864
878251,878815
882398,882660
884602,884999
885610,885892
888609,889127
894371,894687
939876,940541
955287,955744
960068,960680
964985,965341
968327,968750
969254,969852
969919,970289
975189,975639
976916,977359
977393,977756
978949,979527
984608,985145
988612,989008
989875,990279
998696,999194
1000941,1001479
1004375,1004960
1008421,1008865
1011372,1011842
1015334,1015871
1019123,1019627
1025400,1025897
1034508,1034858
1041871,1042254
1045399,1045796
1047348,1047960
1054526,1054909
1055561,1055897
1057785,1058491
1059936,1060467
1063522,1063999
1111891,1112503
1115339,1115957
1122781,1123144
1127600,1128184
1129636,1130362
1181149,1181519
1181539,1181936
1182251,1182722
1184751,1185296
1187956,1188534
1191941,1192277
1193299,1193823
1194905,1195631
1195665,1196162
1197721,1198171
1199973,1200725
1206251,1206675
1210464,1210908
1219826,1220236
1259477,1259995
1260378,1260808
1262327,1262770
1262911,1263402
1257125,1257501
1270086,1270402
1274669,1275382
1279402,1279880
1323123,1323472
1331872,1332477
1343533,1343956
1345361,1345791
1349863,1350334
1354158,1355038
1355475,1355885
1350999,1351510
1356618,1357444
1357619,1358163
1361998,1362468
1364061,1364693
1365136,1365661
1366292,1366722
1366971,1367274
1367300,1367623
1368409,1369014
1372716,1373153
1374564,1375149
1378966,1379430
1382958,1383267
1383388,1383758
1384128,1384827
1389261,1389657
1390430,1390948
1391734,1392110
1392661,1393024
1393401,1393911
1395128,1395605
1396519,1397023
1397899,1398154
1398275,1398840
1400331,1400835
1402032,1402563
1404835,1405265
1406750,1407294
1414423,1414847
1420760,1420988
1427440,1427877
1430478,1430807
1431929,1432454
1437597,1437966
1439855,1440661
1441797,1442261
1444440,1444924
1449179,1449535
1449615,1450180
1450583,1450973
1451006,1451410
1451705,1452008
1454273,1454669
1458702,1459098
1461417,1462156
1462479,1462963
1464238,1464668
1467222,1467498
1472068,1472605
1492190,1492674
1520194,1520584
1522392,1522640
1523541,1524011
1525543,1526135
1573082,1573384
1581571,1582028
1599531,1599867
1603127,1603631
1609676,1610019
1611283,1611746
1614683,1615060
1617703,1618025
1629170,1629600
1631596,1631966
1632376,1632839
1634580,1635145
1640547,1640990
1648311,1648727
1660296,1660598
1668078,1668414
1674821,1675325
1675943,1676441
1718258,1718587
1718963,1719212
1722250,1722767
1720482,1721295
1737185,1737716
1740525,1741063
1751079,1751475
1755353,1755837
1761429,1762040
1767249,1767619
1768015,1768398
1771295,1771698
1777179,1777703
1781662,1782145
1783604,1784074
1779027,1779437
1788673,1789137
1793774,1794292
1797970,1798380
1800201,1800476
1810173,1810509
1814738,1815155
1824723,1825093
1829490,1829961
1842663,1843033
1846998,1847401
1903439,1903883
1920228,1920584
1920712,1921061
1924852,1925275
1926619,1927036
1927419,1927916
1928521,1928972
1929906,1930585
1933046,1933638
1936413,1936857
1943112,1943630
1945404,1945700
1960484,1960914
1963266,1963723
1969480,1970011
1975165,1975629
1977881,1978358
1984702,1985045
1989178,1989602
1990334,1990791
1996299,1996723
1997650,1998188
1998261,1998497
1998658,1998954
2000311,2000654
2001030,2001272
2006415,2006893
2010542,2011490
2012115,2012538
2017332,2017722
2020410,2020920
2024689,2025066
2027613,2027888
2028762,2029280
2032524,2032941
2033170,2033593
2100764,2101261
2105408,2105871
2110151,2110480
2111005,2111502
2116388,2116812
2118579,2118928
2120978,2121556
2123673,2124090
2124171,2124534
2127753,2128297
2128882,2129702
2136614,2137085
2138019,2138577
2139040,2139618
2144861,2145291
2152192,2152696
2154947,2155411
2158833,2159391
2160796,2161273
2165494,2166394
2170883,2171367
2176176,2176822
2177346,2178018
2182077,2182460
2182662,2183152
2189752,2190686
2185500,2186091
2193738,2194605
2197723,2198126
2199124,2199528
2202431,2202868
2204911,2205328
2206638,2207129
2214369,2214927
2217239,2217810
2219349,2219759
2220478,2220942
2226080,2226551
2228829,2229474
2232834,2233258
2236692,2237169
2241114,2241531
2243915,2244608
2261342,2261914
2340604,2340987
2341384,2341814
2343118,2343474
2347890,2348427
2349005,2349536
2356425,2356882
2368586,2369030
